nombre_chambre,superficie,adresse,prix,image_lien
1.0,0.0,Sacré-cœur                                                                                Dakar,275000,https://i.roamcdn.net/hz/ed/listing-thumb-224w/d84b1397dbea5f8cab9816fe62366c4d/-/horizon-files-prod/ed/picture/qrz8w885/4a1d74686b53a20215223e55de00c2b0e1e3fe0f.jpg
3.0,200.0,Almadies                                                                                Dakar,1100000,https://i.roamcdn.net/hz/ed/listing-thumb-224w/c784f75bb8fd111d55609dd0d6a85c49/-/horizon-files-prod/ed/picture/q78w6nez/1a8b7ad4eb105122bdab139482aa1aabff95c3d0.jpg
3.0,1.0,Golf                                                                                Dakar,250000,https://i.roamcdn.net/hz/ed/listing-thumb-224w/dd9b8ac0f68f1fe987b2e5c9e9d84d82/-/horizon-files-prod/ed/picture/qde7g89g/325696e5c966c886374a5967678453969889695c.jpg
2.0,0.0,Mermoz                                                                                Dakar,400000,https://i.roamcdn.net/hz/ed/listing-thumb-224w/02fc21cf63abf01734cc8713d50cf761/-/horizon-files-prod/ed/picture/q78w6d4n/f33b3bc99892ca362ccef51cfe8b52a0506d650e.jpg
1.0,0.0,Mamelles                                                                                Dakar,800000,https://i.roamcdn.net/hz/ed/listing-thumb-224w/8e2795e8866f4b37d42a8dd5d7024b01/-/horizon-files-prod/ed/picture/qgqw86n4/28266160d182faba8c0e76e340103191b16af6fc.jpg
3.0,0.0,Mermoz                                                                                Dakar,900000,https://i.roamcdn.net/hz/ed/listing-thumb-224w/2fa4b1fc73948a8527feeba5436fd92d/-/horizon-files-prod/ed/picture/q78wg6nx/6c421b7e0e2948d7e289eb00f9fdb86e3132de2d.jpg
3.0,0.0,Tivaouane peulh                                                                                Dakar,250000,https://i.roamcdn.net/hz/ed/listing-thumb-224w/7bc7ba4dc85ddfe4cd596eae0de430f0/-/horizon-files-prod/ed/picture/qngpeg2e/cab01b1585b321abfd08aac1f76c55c3e9af1bd2.jpg
0.0,0.0,Zac Mbao                                                                                Dakar,125000,https://i.roamcdn.net/hz/ed/listing-thumb-224w/fb0f37390b5e0c29516176174488a6a8/-/horizon-files-prod/ed/picture/q2j0x4r2/ee35f4b7596a8c5ca0391a6e5674ef129737b7ef.jpg
3.0,0.0,Fann                                                                                Dakar,2000000,https://i.roamcdn.net/hz/ed/listing-thumb-224w/3898089ef1981605fbe8b0dc2b1c8932/-/horizon-files-prod/ed/picture/qde7pe22/874bd72bd67432682557a067231debfc0bb77cf1.jpg
0.0,0.0,Almadies                                                                                Dakar,200000,https://i.roamcdn.net/hz/ed/listing-thumb-224w/46cae62665eebe030784d00dad0700c9/-/horizon-files-prod/ed/picture/qpd6wqx4/f7359378d3c6daa66d744f668bb83947397822e4.jpg
2.0,0.0,Plateau                                                                                Dakar,1300000,https://i.roamcdn.net/hz/ed/listing-thumb-224w/3c6e4d7fd33601d51581e1d81dc87ace/-/horizon-files-prod/ed/picture/q8v4r65z/febf78e6fcc1a73c38c7de008657578e8e82f683.png
1.0,0.0,Sacré-cœur                                                                                Dakar,275000,https://i.roamcdn.net/hz/ed/listing-thumb-224w/d84b1397dbea5f8cab9816fe62366c4d/-/horizon-files-prod/ed/picture/qrz8w885/4a1d74686b53a20215223e55de00c2b0e1e3fe0f.jpg
3.0,100.0,Virage                                                                                Dakar,900000,https://i.roamcdn.net/hz/ed/listing-thumb-224w/d05598ea5c9f5a701fc8d28823bfc743/-/horizon-files-prod/ed/picture/qv4wxrzk/58a519dd81c7129c6ef8a47f73485e9db31e0510.jpg
3.0,225.0,Mermoz                                                                                Dakar,1000000,https://i.roamcdn.net/hz/ed/listing-thumb-224w/b177789c093c3f94897aa600bf5ad75a/-/horizon-files-prod/ed/picture/q0g7zjej/9126f2fb968e22efe8a53b89685dee3f7eabd162.jpg
3.0,0.0,Mamelles                                                                                Dakar,700000,https://i.roamcdn.net/hz/ed/listing-thumb-224w/d7b6fafba933a4509bef6c72a5adbd0f/-/horizon-files-prod/ed/picture/qxjpee9w/9ae66927a14b3051523a58b24ea1070a03f247da.jpg
3.0,0.0,Almadies                                                                                Dakar,600000,https://i.roamcdn.net/hz/ed/listing-thumb-224w/788e4aac40016b0c47a3a36bee5d66ec/-/horizon-files-prod/ed/picture/q56dkq87/dcd93278c5bdae39abce604d3ee4dd63c9839d93.jpg
3.0,0.0,Mamelles                                                                                Dakar,500000,https://i.roamcdn.net/hz/ed/listing-thumb-224w/05aea332f6e0d7729726ea9c62fd1438/-/horizon-files-prod/ed/picture/qm5gvew6/b248ca849c63ea5508e028d8c4bfda9cc2939072.jpg
2.0,0.0,Mamelles                                                                                Dakar,330000,https://i.roamcdn.net/hz/ed/listing-thumb-224w/2dc74d438eeadc7297ff8b9477602cf4/-/horizon-files-prod/ed/picture/qpdm8044/d4fc0c94ddb102aedc551547cda69c4db4218f09.jpg
2.0,120.0,Mermoz                                                                                Dakar,500000,https://i.roamcdn.net/hz/ed/listing-thumb-224w/53e1f68c03cfae2bfdbc5b2326d8ef81/-/horizon-files-prod/ed/picture/q44nvjqv/ab3e50738a84b19b1711d5ab88f1983e543d7246.jpg
3.0,0.0,Zac Mbao                                                                                Dakar,250000,https://i.roamcdn.net/hz/ed/listing-thumb-224w/a0ccf2b255e3c8202163cc8b5700c7c8/-/horizon-files-prod/ed/picture/q8v48vdp/fbe7df995542188b532efa5e2e447b0ca01f2912.jpg
2.0,150.0,Virage                                                                                Dakar,250000,https://i.roamcdn.net/hz/ed/listing-thumb-224w/7067c05d51d05a0d335bceac72ecfd61/-/horizon-files-prod/ed/picture/qrz8x6zg/2deddcfb8e7f1215e273f5dbf88e7e6606d4abdc.jpg
3.0,0.0,Mamelles                                                                                Dakar,600000,https://i.roamcdn.net/hz/ed/listing-thumb-224w/cf32afd3075f9df23bd1c72a1d8a8670/-/horizon-files-prod/ed/picture/qngpwe7g/5885b9713ec02e8a1d6bb39917086d6d194c5c39.jpg
1.0,0.0,Sacré-cœur                                                                                Dakar,275000,https://i.roamcdn.net/hz/ed/listing-thumb-224w/d84b1397dbea5f8cab9816fe62366c4d/-/horizon-files-prod/ed/picture/qrz8w885/4a1d74686b53a20215223e55de00c2b0e1e3fe0f.jpg
3.0,120.0,Keur Massar                                                                                Dakar,200000,https://i.roamcdn.net/hz/ed/listing-thumb-224w/9a7a11da2620eb07274888ef504a7219/-/horizon-files-prod/ed/picture/q9mjq0r0/9e542911e3e6ec2cfa281c5e7610e99eb02e8cbb.jpg
3.0,150.0,Almadies                                                                                Dakar,600000,https://i.roamcdn.net/hz/ed/listing-thumb-224w/b2c566d5a7b58343ea8c074383c98de0/-/horizon-files-prod/ed/picture/qxj28qmw/1f73a357a452e57ecdd1beb77dd08c66ac9364ff.jpg
5.0,250.0,Almadies                                                                                Dakar,1600000,https://i.roamcdn.net/hz/ed/listing-thumb-224w/68a4e1674611cd67efd49677c9835b67/-/horizon-files-prod/ed/picture/q8v49g74/505f42a8da582c43c503ab3dcdcf4dea8c732394.jpg
3.0,250.0,Almadies                                                                                Dakar,1250000,https://i.roamcdn.net/hz/ed/listing-thumb-224w/6bdf023a677e99c6619c2abe7db87486/-/horizon-files-prod/ed/picture/q56dn9jg/bf9231ee9dbde4ead597ba5300782205490e4046.jpg
4.0,150.0,Almadies                                                                                Dakar,1000000,https://i.roamcdn.net/hz/ed/listing-thumb-224w/c4c68186334f9ec2b46f2b35a5ebe3e0/-/horizon-files-prod/ed/picture/qwep6j8m/b6dab8a90517b7635dffa547358427d5e08e2998.jpg
2.0,150.0,Mermoz                                                                                Dakar,750000,https://i.roamcdn.net/hz/ed/listing-thumb-224w/a92c1518a661136c7267dee924fc36ae/-/horizon-files-prod/ed/picture/qwep6qwk/a32859ce0907db3f1c32e2bcd43f860b299e5bea.jpg
4.0,285.0,Sacré-cœur                                                                                Dakar,1300000,https://i.roamcdn.net/hz/ed/listing-thumb-224w/7f71d2056c775f5939ed42c146a1f9c2/-/horizon-files-prod/ed/picture/q0g72ppj/e94b682a2b778597634491b897391a0918bb39ab.jpg
2.0,100.0,Thiès                                                                                Thiès,150000,https://i.roamcdn.net/hz/ed/listing-thumb-224w/a25a07944dba67f527ad9cbf48763167/-/horizon-files-prod/ed/picture/qv4wz8rj/12cbdf6fe6ba21c69d21e5b7954fcc0efbdf7820.jpg
3.0,395.0,Almadies                                                                                Dakar,2600000,https://i.roamcdn.net/hz/ed/listing-thumb-224w/d18ba6f89e22b07a4360e7ecda6ffe26/-/horizon-files-prod/ed/picture/q9mjg7q7/d725da1b50211009918045c0ff62673fda6926b5.jpg
2.0,100.0,Mamelles                                                                                Dakar,600000,https://i.roamcdn.net/hz/ed/listing-thumb-224w/a2a4b75f83bd26f9704f0c937bfd9c30/-/horizon-files-prod/ed/picture/qq425rv7/eab33b56e583807846049c58e6cf8217a42ac862.jpg
1.0,0.0,Sacré-cœur                                                                                Dakar,275000,https://i.roamcdn.net/hz/ed/listing-thumb-224w/d84b1397dbea5f8cab9816fe62366c4d/-/horizon-files-prod/ed/picture/qrz8w885/4a1d74686b53a20215223e55de00c2b0e1e3fe0f.jpg
4.0,200.0,Ngor                                                                                Dakar,1500000,https://i.roamcdn.net/hz/ed/listing-thumb-224w/d09f09801c7f5cb83a70ace65c05a1e0/-/horizon-files-prod/ed/picture/q78wpj4z/3b94203eb1b32efb0915f0ac366ac82544205ea2.jpg
4.0,200.0,Fann                                                                                Dakar,3000000,https://i.roamcdn.net/hz/ed/listing-thumb-224w/126db786a8e5576bbcf293bd980c7f7e/-/horizon-files-prod/ed/picture/q56d9nxn/ff853383bcb4609eb94077593ba80da03d740f1d.jpg
4.0,200.0,Fann                                                                                Dakar,4000000,https://i.roamcdn.net/hz/ed/listing-thumb-224w/7edc7307c58cc0ef935ef62fce439105/-/horizon-files-prod/ed/picture/q8v4pnjp/40d6de58abe2cd562edd4b5b0f74a19bcefa8c7b.jpg
3.0,100.0,Point-e                                                                                Dakar,700000,https://i.roamcdn.net/hz/ed/listing-thumb-224w/70972d480fd20b0322e814be20612f2c/-/horizon-files-prod/ed/picture/qxjpg2g8/1923c04488dfc5d1dab999b65f3eace2c4cdbdde.jpg
3.0,190.0,Fann Hock                                                                                Dakar,1500000,https://i.roamcdn.net/hz/ed/listing-thumb-224w/8dae64deebf4e16ff06c65ebd53ed24c/-/horizon-files-prod/ed/picture/q56d4pn0/582b533cc6bbaedb39d4b23df44db3da2534e43d.jpg
3.0,160.0,Liberte 6 extension                                                                                Dakar,1500000,https://i.roamcdn.net/hz/ed/listing-thumb-224w/4f7be1e00655531d70c828d68052ee2f/-/horizon-files-prod/ed/picture/qde7ev65/6f94105849e4da16b2efe656484945ec1296e866.jpg
3.0,173.0,Point-e                                                                                Dakar,1000000,https://i.roamcdn.net/hz/ed/listing-thumb-224w/16a5e3eeb4a92125f3ca3dad100b0538/-/horizon-files-prod/ed/picture/qzvpwkv6/1a0b88b0d46063ef57ffb594d9ea7f89efa9fd14.jpg
2.0,100.0,Point-e                                                                                Dakar,600000,https://i.roamcdn.net/hz/ed/listing-thumb-224w/f8c722c283bc5270d559107627c5813a/-/horizon-files-prod/ed/picture/q2j0wr7p/bfc600c5c494db8bfec771cbf6eb7f3e0e762176.jpg
0.0,0.0,Guediawaye                                                                                Dakar,180000,https://i.roamcdn.net/hz/ed/listing-thumb-224w/dbd72240c891a0dd3d7b4246785b894c/-/horizon-files-prod/ed/picture/q6xdj09d/c3de18eb3e41085563e3e95677c15589ee45aabc.jpg
3.0,247.0,Fann                                                                                Dakar,2800000,https://i.roamcdn.net/hz/ed/listing-thumb-224w/3d015d087d2598b78be326b7a8841a4c/-/horizon-files-prod/ed/picture/q78wd74m/6d7404046b2f7d7395974ddfa72eafbd841a4514.jpg
3.0,150.0,Virage                                                                                Dakar,1700000,https://i.roamcdn.net/hz/ed/listing-thumb-224w/60e87821d5328f5c911b7755f9e6d34a/-/horizon-files-prod/ed/picture/qenvk57x/a53114d66faca02c65ce6ed697f9514ff4796cc4.jpg
3.0,253.0,Almadies                                                                                Dakar,1600000,https://i.roamcdn.net/hz/ed/listing-thumb-224w/459e02baae59e2aa821f2f3244c86baa/-/horizon-files-prod/ed/picture/qm5gqm9z/64711165750aa689705bec94db02df267f3523d4.jpg
3.0,146.0,Almadies                                                                                Dakar,1500000,https://i.roamcdn.net/hz/ed/listing-thumb-224w/a656141043934838416e0dc71f10a7e3/-/horizon-files-prod/ed/picture/q56x0jpx/1e410f5d28101d05981460175201d99b34689fd2.jpg
3.0,100.0,Point-e                                                                                Dakar,600000,https://i.roamcdn.net/hz/ed/listing-thumb-224w/2a60343a9c2e3773ced551fe61975705/-/horizon-files-prod/ed/picture/q44nn6dm/ef1bb200d4a814196035a3b8c37ca78a73825969.jpg
3.0,200.0,Virage                                                                                Dakar,1300000,https://i.roamcdn.net/hz/ed/listing-thumb-224w/dd5095cd4db4c8f62ebccdcd90bea4d4/-/horizon-files-prod/ed/picture/qkr8k6gp/845f03fe2d23ce98599bbaa651f0e68a63df35b1.jpg
2.0,0.0,Zone de captage                                                                                Dakar,250000,https://i.roamcdn.net/hz/ed/listing-thumb-224w/48b3d40fe632ad572f31b82acdc0fa8c/-/horizon-files-prod/ed/picture/qkr8kpz8/8fa8fbab6006a4c063b6c585d06a10a378bfd77d.jpg
2.0,0.0,Sicap foire                                                                                Dakar,300000,https://i.roamcdn.net/hz/ed/listing-thumb-224w/32f075696c1f678a3c532d9eedd2dce0/-/horizon-files-prod/ed/picture/q6xdjepn/5a32fd69c79ceeaf96b238773c76a3aafd6c3926.jpg
2.0,0.0,Ouest foire                                                                                Dakar,280000,https://i.roamcdn.net/hz/ed/listing-thumb-224w/00c9eaebedc9b262af35d9e4b0f64c55/-/horizon-files-prod/ed/picture/qzvp0prr/f379667f6a5f5e6f7c98a3cc97b243ce1301f8c9.png
2.0,0.0,Somone                                                                                Thiès,275000,https://i.roamcdn.net/hz/ed/listing-thumb-224w/6aca6dfa06dd98eda720fceed260dcd6/-/horizon-files-prod/ed/picture/qpdm4k60/c3abb771c1e58cbf268586708ed3af10a46a108a.jpg
3.0,272.0,Fenêtre mermoz                                                                                Dakar,1500000,https://i.roamcdn.net/hz/ed/listing-thumb-224w/e857280217fbd4da087edaea88b6fccd/-/horizon-files-prod/ed/picture/q8v47qkn/5b06c2d959ed3e60180e832a20ad811d16333eb9.jpg
3.0,200.0,Rufisque                                                                                Dakar,150000,https://i.roamcdn.net/hz/ed/listing-thumb-224w/f7a2a57ade4d56d5d46f5966e00587a9/-/horizon-files-prod/ed/picture/q56ddk7g/4808c25bb39cce4793ca4ba1d8ab59038b59ce20.jpg
1.0,0.0,Sacré-cœur                                                                                Dakar,275000,https://i.roamcdn.net/hz/ed/listing-thumb-224w/d84b1397dbea5f8cab9816fe62366c4d/-/horizon-files-prod/ed/picture/qrz8w885/4a1d74686b53a20215223e55de00c2b0e1e3fe0f.jpg
3.0,0.0,Ngor                                                                                Dakar,650000,https://i.roamcdn.net/hz/ed/listing-thumb-224w/df35086623ec2baef99223698a310681/-/horizon-files-prod/ed/picture/q6xdj074/424db9bbed7e7577a0a36b1e1200e41310dc7098.jpg
1.0,140.0,Almadies                                                                                Dakar,250000,https://i.roamcdn.net/hz/ed/listing-thumb-224w/7a5b05fc0cecdc4d059c93fdfbecd8f9/-/horizon-files-prod/ed/picture/qxjp7rw4/e5cff4c046b36b5967bcbc589b980135307fd71a.jpg
2.0,0.0,Ngor                                                                                Dakar,550000,https://i.roamcdn.net/hz/ed/listing-thumb-224w/62e5bd0843847a52162d159c9d92bd36/-/horizon-files-prod/ed/picture/q2j0x4p6/155fb23dcd4dcc8e342bb53af0cfa0be6cd7c0ae.jpg
2.0,0.0,Mamelles                                                                                Dakar,300000,https://i.roamcdn.net/hz/ed/listing-thumb-224w/e533d17a772fbe0c7dd4212569144051/-/horizon-files-prod/ed/picture/qkr8zwwn/5f05524d260e3b1230b55075b87312ea4859e10f.jpg
4.0,0.0,Fenêtre mermoz                                                                                Dakar,3000000,https://i.roamcdn.net/hz/ed/listing-thumb-224w/eaeb95fb0f4a929b4cdc04b34084a114/-/horizon-files-prod/ed/picture/qxjp75xq/a952b8e7d41b7ccb1af017d536176a571b1cd8a6.jpg
3.0,150.0,Almadies 2                                                                                Dakar,250000,https://i.roamcdn.net/hz/ed/listing-thumb-224w/2831253c34261b40d27db760d65a2684/-/horizon-files-prod/ed/picture/q0gwvvqw/9833f9575c1acd6071ed263d2d1365bf966af074.jpg
3.0,0.0,Virage                                                                                Dakar,750000,https://i.roamcdn.net/hz/ed/listing-thumb-224w/3df54e2cd40ae838ec7bf8219a8ae337/-/horizon-files-prod/ed/picture/q78wqwq5/960ed8c33b2a26b90694902896bb1ecd3afa6abd.jpg
4.0,0.0,Almadies                                                                                Dakar,1225000,https://i.roamcdn.net/hz/ed/listing-thumb-224w/c9aa23bef1b93d6b62a80277715008ea/-/horizon-files-prod/ed/picture/qgqwpx2e/d679883ccae8615f48ab7835a3ef1836f7cdbb27.jpg
3.0,0.0,Almadies                                                                                Dakar,1000000,https://i.roamcdn.net/hz/ed/listing-thumb-224w/cc3bec42c499bbf5acfd007177faf902/-/horizon-files-prod/ed/picture/q9mj574n/5e743590ee6b8368c41ca84c5c334d34f9551492.jpg
3.0,0.0,Almadies                                                                                Dakar,1200000,https://i.roamcdn.net/hz/ed/listing-thumb-224w/fb9bc58e9b6d0e3a3d8467ecf4f5aeb8/-/horizon-files-prod/ed/picture/q9mjwqdp/e3554ae089a36d83d4385bbdba4b39a53f414387.jpg
3.0,150.0,Virage                                                                                Dakar,1700000,https://i.roamcdn.net/hz/ed/listing-thumb-224w/60e87821d5328f5c911b7755f9e6d34a/-/horizon-files-prod/ed/picture/qenvk57x/a53114d66faca02c65ce6ed697f9514ff4796cc4.jpg
3.0,0.0,Almadies                                                                                Dakar,800000,https://i.roamcdn.net/hz/ed/listing-thumb-224w/b88aaecb89ce5bb5b82bac4cd10d34e8/-/horizon-files-prod/ed/picture/q9mjrnm7/929a7c33d95901a16a3e3de5f25918b89ad92853.jpg
2.0,0.0,VDN                                                                                Dakar,800000,https://i.roamcdn.net/hz/ed/listing-thumb-224w/69c55e5fab02a8f5f3c67097807f9ce9/-/horizon-files-prod/ed/picture/qv4e5gpm/61fdec2aa97dadfe7570837706b0c3023d298fb4.jpg
3.0,0.0,Ouest foire                                                                                Dakar,500000,https://i.roamcdn.net/hz/ed/listing-thumb-224w/c41ea2a6d6d307b362f83d2e9c54c93d/-/horizon-files-prod/ed/picture/q8v57vxr/6bd8b27a9430fe23be2d8826e0e2fa75f3b843bd.jpg
2.0,0.0,Patte d‘oie                                                                                Dakar,325000,https://i.roamcdn.net/hz/ed/listing-thumb-224w/76228601f4198b517da569b9076ac251/-/horizon-files-prod/ed/picture/q0g70zd6/58271eda9c02b584854845148dc280411e803860.jpg
3.0,173.0,Point-e                                                                                Dakar,900000,https://i.roamcdn.net/hz/ed/listing-thumb-224w/bbaf028e8c4d0c6ae78276beec28e74c/-/horizon-files-prod/ed/picture/qngp02ge/9cd98af929e2d2f0aa137dce1cfda1c7aba66fd2.jpg
2.0,135.0,Almadies                                                                                Dakar,500000,https://i.roamcdn.net/hz/ed/listing-thumb-224w/6a5b5fca2b0d12b1a7a32e7b99bc7193/-/horizon-files-prod/ed/picture/qj4r85rg/ee5f7fd2d11a8c0a1148a7b5c0badf67e6224065.jpg
3.0,150.0,Point-e                                                                                Dakar,1300000,https://i.roamcdn.net/hz/ed/listing-thumb-224w/92e488af2be2984634b5e3942f4dceec/-/horizon-files-prod/ed/picture/q9mjjvpv/385ac51f8db39082bd66af125e019187fec7f13d.jpg
1.0,0.0,Zac Mbao                                                                                Dakar,130000,https://i.roamcdn.net/hz/ed/listing-thumb-224w/22ea079b8095e85cd48fbb477e2ba1a2/-/horizon-files-prod/ed/picture/qxjpm798/c15657dec0ab0ae203150cba589a2fe22bfd7a87.jpg
3.0,0.0,Liberte 1                                                                                Dakar,900000,https://i.roamcdn.net/hz/ed/listing-thumb-224w/8e95f9c83b644ddc87e5a57a1987cb12/-/horizon-files-prod/ed/picture/qv4wj6vk/da52c7b9980fe55c644bb5c18053a0c42a950078.jpg
3.0,0.0,Sicap foire                                                                                Dakar,300000,https://i.roamcdn.net/hz/ed/listing-thumb-224w/8a20be9b5981c42819e4b4c4af63fd8c/-/horizon-files-prod/ed/picture/q78w6k5e/787a3a7bc91a6c31a760624a41dcb42d8a3cb19a.jpg
3.0,150.0,Virage                                                                                Dakar,1700000,https://i.roamcdn.net/hz/ed/listing-thumb-224w/60e87821d5328f5c911b7755f9e6d34a/-/horizon-files-prod/ed/picture/qenvk57x/a53114d66faca02c65ce6ed697f9514ff4796cc4.jpg
3.0,170.0,Derkle                                                                                Dakar,400000,https://i.roamcdn.net/hz/ed/listing-thumb-224w/338e7d1d6b6dc1baa9d67a51bde2ea21/-/horizon-files-prod/ed/picture/q0g74q2m/7af127415f684811f5b1d6e301e3798138f4d64b.jpg
3.0,156.0,Sicap foire                                                                                Dakar,950000,https://i.roamcdn.net/hz/ed/listing-thumb-224w/51abfdf75920fa0c07e54a00d83d6962/-/horizon-files-prod/ed/picture/q2j0x4j2/1c76c56cb3828f6e09d4d09994122fbfadcd2ae3.jpg
2.0,0.0,Mamelles                                                                                Dakar,325000,https://i.roamcdn.net/hz/ed/listing-thumb-224w/719ae46556977805eb2bee2a25185917/-/horizon-files-prod/ed/picture/qngpj9qv/5448c568a7b6afe0a16446ebe46fa191f3d62be9.jpg
3.0,350.0,Almadies                                                                                Dakar,2500000,https://i.roamcdn.net/hz/ed/listing-thumb-224w/d7ed016b5be356e013d67162023d3253/-/horizon-files-prod/ed/picture/qde7r5e7/e7ee192228f0c406635ed572cf18efd1f417bb4d.jpg
4.0,325.0,Almadies                                                                                Dakar,1800000,https://i.roamcdn.net/hz/ed/listing-thumb-224w/0c5b435e300338dbddb7ccb86dc4a580/-/horizon-files-prod/ed/picture/qenvkzn6/520753a89d3138ef7bc5b3f06626faf62ab29997.jpg
0.0,0.0,Cité keur gorgui                                                                                Dakar,1500000,https://i.roamcdn.net/hz/ed/listing-thumb-224w/912bd1c14cf774bc93747b1a71024d31/-/horizon-files-prod/ed/picture/q0g765pd/ca413a30575f649a1f918a887581e286b13bc1ce.jpg
1.0,75.0,Golf                                                                                Dakar,160000,https://i.roamcdn.net/hz/ed/listing-thumb-224w/82d330dddb86ed2c874e437e7a8b4cb0/-/horizon-files-prod/ed/picture/qgqwkn59/821cdee44da5f461864f52b74492e3f7d331c6f5.jpg
3.0,160.0,Zac Mbao                                                                                Dakar,300000,https://i.roamcdn.net/hz/ed/listing-thumb-224w/06d021cd95e75abf5fe04663235dc479/-eyJvciI6OTB9/horizon-files-prod/ed/picture/qj4q08gz/d5a1b0144342482ad03308e1f5a11394439231a7.jpg
3.0,0.0,Almadies 2                                                                                Dakar,250000,https://i.roamcdn.net/hz/ed/listing-thumb-224w/67a6155dc48a786a9d6b743c4ec5402e/-/horizon-files-prod/ed/picture/qrz8xnnx/4995624fd18c14d20dcac18196788cc0f37bf29b.jpg
3.0,0.0,Almadies                                                                                Dakar,800000,https://i.roamcdn.net/hz/ed/listing-thumb-224w/66895e1b9eccca397101a8ef106aea5b/-/horizon-files-prod/ed/picture/q6xk90m7/1fe4503d3810a0d02545ba17e3b9ba39159dad3c.jpg
3.0,150.0,Virage                                                                                Dakar,1700000,https://i.roamcdn.net/hz/ed/listing-thumb-224w/60e87821d5328f5c911b7755f9e6d34a/-/horizon-files-prod/ed/picture/qenvk57x/a53114d66faca02c65ce6ed697f9514ff4796cc4.jpg
2.0,0.0,Mamelles                                                                                Dakar,600000,https://i.roamcdn.net/hz/ed/listing-thumb-224w/992b02639249109b3d8984235bf88858/-/horizon-files-prod/ed/picture/q44ngr0p/a58b07fc36c1c10fb06e4b7d180a94ca7c6c703c.jpg
3.0,0.0,Yoff                                                                                Dakar,1500000,https://i.roamcdn.net/hz/ed/listing-thumb-224w/9a14d5e8e3f41472dcf74c43393d1e84/-/horizon-files-prod/ed/picture/qngxrk4w/c213103f730dbf9a03094a7d5be07181c476363c.jpg
2.0,0.0,Mamelles                                                                                Dakar,450000,https://i.roamcdn.net/hz/ed/listing-thumb-224w/90a41d262c0eb95f8af4e8e3d7c6bbb9/-/horizon-files-prod/ed/picture/q0gw6mnd/b130c29fd5adca3cc7160753a50b61ef6fbc54a8.jpg
3.0,220.0,Almadies                                                                                Dakar,1200000,https://i.roamcdn.net/hz/ed/listing-thumb-224w/16104d18b0240ff3452ba74b338fc2f2/-/horizon-files-prod/ed/picture/qpdm4z7x/a6338fa70f542b078a3ead7dc770db5385955af0.jpg
2.0,0.0,Hann marinas                                                                                Dakar,700000,https://i.roamcdn.net/hz/ed/listing-thumb-224w/56a3dcdc6f9cc4da3eda17fef1fd382a/-/horizon-files-prod/ed/picture/q0g74e08/2403a387cdd35829104589a7332a12fc73b0c0e5.jpg
3.0,180.0,Almadies                                                                                Dakar,1100000,https://i.roamcdn.net/hz/ed/listing-thumb-224w/ce8a25fdb3506bb19d816fbbbf907ccc/-/horizon-files-prod/ed/picture/q2j0xegp/51b9fd5965e2af7aa4c80ab034d2242a60aeddcb.jpg
3.0,0.0,Virage                                                                                Dakar,1800000,https://i.roamcdn.net/hz/ed/listing-thumb-224w/fef7b7c2cfb832024cc1106a3fb363fb/-/horizon-files-prod/ed/picture/qq47mx0j/ec5a73db18650a03d9abc64c9ca76c1840ac8ab7.jpg
3.0,150.0,Mamelles                                                                                Dakar,500000,https://i.roamcdn.net/hz/ed/listing-thumb-224w/764b83fe7ebdcd6a070b8436c0e0a1a0/-/horizon-files-prod/ed/picture/q9mjvdzx/f22780ab8e98e8ac308c7cb6cff7a759df716109.jpg
2.0,0.0,Mamelles                                                                                Dakar,700000,https://i.roamcdn.net/hz/ed/listing-thumb-224w/98f2acd5058fc33ec561af388dd9b600/-/horizon-files-prod/ed/picture/qj4q0w0g/285ace2a1e236b5af34cf1f2b7122ee7bd5f47b8.jpg
2.0,0.0,Cite Mixta                                                                                Dakar,250000,https://i.roamcdn.net/hz/ed/listing-thumb-224w/ef9e146a97c5e1e725c5754322fcfc7c/-/horizon-files-prod/ed/picture/q44ng2xz/ba83a5b8f344847a6ff739a673b79ba50c0e790e.jpg
1.0,0.0,Sacré-cœur                                                                                Dakar,275000,https://i.roamcdn.net/hz/ed/listing-thumb-224w/d84b1397dbea5f8cab9816fe62366c4d/-/horizon-files-prod/ed/picture/qrz8w885/4a1d74686b53a20215223e55de00c2b0e1e3fe0f.jpg
1.0,0.0,Mamelles                                                                                Dakar,225000,https://i.roamcdn.net/hz/ed/listing-thumb-224w/311325d259a7184a0c68a577bd9698b7/-/horizon-files-prod/ed/picture/qde7qpwm/45d2d3be3e83476c91b5d79634f3455d7d6d1aed.jpg
5.0,0.0,Mamelles                                                                                Dakar,1200000,https://i.roamcdn.net/hz/ed/listing-thumb-224w/6bf6fb3d199b9a4fd94c42707bb65744/-/horizon-files-prod/ed/picture/q0g74e8j/de1173db89e7c22cf181db6a408325a723fc6afb.jpg
2.0,140.0,Plateau                                                                                Dakar,2200000,https://i.roamcdn.net/hz/ed/listing-thumb-224w/f3fe95a9b1cc82b07420ee297bfd3d2c/-/horizon-files-prod/ed/picture/q8v47e9x/fd8d78413e1cb081ee33f7af53bf00a6d1893c27.jpg
3.0,0.0,Hann marinas                                                                                Dakar,1000000,https://i.roamcdn.net/hz/ed/listing-thumb-224w/e4876557d75f40b4d13dc5101f1abea7/-/horizon-files-prod/ed/picture/qj4q08x8/b4257c46f7727ce6245b3ce5d0419564ef24ab45.jpg
1.0,70.0,Guediawaye                                                                                Dakar,135000,https://i.roamcdn.net/hz/ed/listing-thumb-224w/7cf616993a21fb738613ff0ebdd6151e/-/horizon-files-prod/ed/picture/qgqw6n4m/5dbb918834429654a3c11dc263dfd89a2f5e5e18.jpg
3.0,150.0,Mamelles                                                                                Dakar,1500000,https://i.roamcdn.net/hz/ed/listing-thumb-224w/3eb6e0d4b13e38d7aca7376314f470a4/-/horizon-files-prod/ed/picture/qgqw7px4/03c99c30a4f6a11baa7f2a87933358154fee3c18.jpg
4.0,285.0,Plateau                                                                                Dakar,1550000,https://i.roamcdn.net/hz/ed/listing-thumb-224w/3674b41aefbfd693cdbbf16f3e894204/-/horizon-files-prod/ed/picture/qenvz67z/67324623fac219ee0ee0863cf31690f96b5e9a46.jpg
3.0,200.0,Mermoz                                                                                Dakar,1400000,https://i.roamcdn.net/hz/ed/listing-thumb-224w/a5fb8f6a50b7e6aab025f10f1d99e428/-/horizon-files-prod/ed/picture/qv4wj8rp/123627ac8a95764fd2a64bdb25273eeec18f5aef.jpg
2.0,0.0,Mamelles                                                                                Dakar,300000,https://i.roamcdn.net/hz/ed/listing-thumb-224w/43a003a186474f2e60aebad57c9ecfad/-/horizon-files-prod/ed/picture/qxjp7rez/da379f06f2f3169182e749c3a37dab973f978f9c.jpg
0.0,0.0,Almadies                                                                                Dakar,1800000,https://i.roamcdn.net/hz/ed/listing-thumb-224w/22e412e4b1d62447f34f513f497aceec/-/horizon-files-prod/ed/picture/qm5g6q0g/eae031600108d70044e1bd312e758e96fc9441f6.jpg
1.0,0.0,Sacré-cœur                                                                                Dakar,275000,https://i.roamcdn.net/hz/ed/listing-thumb-224w/d84b1397dbea5f8cab9816fe62366c4d/-/horizon-files-prod/ed/picture/qrz8w885/4a1d74686b53a20215223e55de00c2b0e1e3fe0f.jpg
3.0,204.0,Almadies                                                                                Dakar,2500000,https://i.roamcdn.net/hz/ed/listing-thumb-224w/fa843d75c2fbbae0b7c221f09efb03d5/-/horizon-files-prod/ed/picture/q44n96qz/59ad361470d9ad6bcdb8212565f0d67d99ce8149.png
5.0,260.0,Fann                                                                                Dakar,3315200,https://i.roamcdn.net/hz/ed/listing-thumb-224w/8c89218187fe8e0339a285bcf1baedc7/-/horizon-files-prod/ed/picture/qngp8n0v/55e49a7d9035981bbb46629473b365e5677194b0.jpg
3.0,0.0,Almadies                                                                                Dakar,800000,https://i.roamcdn.net/hz/ed/listing-thumb-224w/bd0d31362ef1251539a659922147e1c2/-/horizon-files-prod/ed/picture/qj4q64g6/b4153bd442dd955fa773544684f1f255a2496447.jpg
3.0,0.0,Almadies                                                                                Dakar,1500000,https://i.roamcdn.net/hz/ed/listing-thumb-224w/26f845e49307587095fbbfbcc8e54760/-/horizon-files-prod/ed/picture/qm5pxrnm/d251bbc3edd45b33cb2e9bbeeea8bf2316cf2826.jpg
0.0,0.0,Almadies                                                                                Dakar,1700000,https://i.roamcdn.net/hz/ed/listing-thumb-224w/f3c81d42744da08a51c10b88f46a61d9/-/horizon-files-prod/ed/picture/qq47jd6e/7862b5c20e7ce37f83fcc742675f3abde90c81f2.jpg
2.0,0.0,Almadies                                                                                Dakar,600000,https://i.roamcdn.net/hz/ed/listing-thumb-224w/543a22994d0d21a3527ca3c50f3e579d/-/horizon-files-prod/ed/picture/q9mj60mv/ac4966899ed3676230d212bf5360972647318767.jpg
2.0,0.0,Almadies                                                                                Dakar,600000,https://i.roamcdn.net/hz/ed/listing-thumb-224w/4288c5191460b7070c2276f3ababd259/-/horizon-files-prod/ed/picture/q9mjw0r8/04fe5aa9ce7d0e2c5516d197aec1ca682e091193.jpg
3.0,0.0,Almadies                                                                                Dakar,700000,https://i.roamcdn.net/hz/ed/listing-thumb-224w/7a0c223a89c49338de836ad396bffad0/-/horizon-files-prod/ed/picture/q2j0nzj8/45650fbc5f2420f8a1c1b63dc516787193c80a8c.jpg
3.0,0.0,Ouest foire                                                                                Dakar,380000,https://i.roamcdn.net/hz/ed/listing-thumb-224w/0353fe38d4e797da46d1f1a61860b834/-/horizon-files-prod/ed/picture/qkrgem62/3e13d75a402cf1762773e5ebcf65d7320ac328bc.jpg
4.0,150.0,Ouakam                                                                                Dakar,350000,https://i.roamcdn.net/hz/ed/listing-thumb-224w/2ce9c45fe1acab29ea91bfe5be425be3/-/horizon-files-prod/ed/picture/q8v476n6/f1153d65eee3fcb2deca593aaf156216f9e3aada.jpg
1.0,0.0,Sacré-cœur                                                                                Dakar,275000,https://i.roamcdn.net/hz/ed/listing-thumb-224w/d84b1397dbea5f8cab9816fe62366c4d/-/horizon-files-prod/ed/picture/qrz8w885/4a1d74686b53a20215223e55de00c2b0e1e3fe0f.jpg
3.0,0.0,Almadies 2                                                                                Dakar,200000,https://i.roamcdn.net/hz/ed/listing-thumb-224w/9a0849feb6d2d8361db901f547cb9282/-/horizon-files-prod/ed/picture/qwepnkek/d2f61b5c5274fe5a9f6e5d8c99e957dfc94cedfd.jpg
3.0,0.0,Almadies                                                                                Dakar,600000,https://i.roamcdn.net/hz/ed/listing-thumb-224w/00e2dc6cbd9d2eb25f7e400b2c06b353/-/horizon-files-prod/ed/picture/qq42rd4n/d2dd7ee53a72a12c40423dc5eb506e0799e0a9e1.jpg
3.0,0.0,Mamelles                                                                                Dakar,900000,https://i.roamcdn.net/hz/ed/listing-thumb-224w/0800d1158cd42975d013f57b1fffa58b/-/horizon-files-prod/ed/picture/qv4wj895/4fe9c53d5bb5e0f747f6b81320716a69ead70a4d.jpg
3.0,235.0,Plateau                                                                                Dakar,1200000,https://i.roamcdn.net/hz/ed/listing-thumb-224w/d31d2090bea80595cdab5558137d5bdf/-/horizon-files-prod/ed/picture/qgqw6xm0/97999e858a301c426011a6c3b3e55eff738adfa3.jpg
3.0,0.0,Almadies                                                                                Dakar,1500000,https://i.roamcdn.net/hz/ed/listing-thumb-224w/f6c829a186d8da0f18b7964d870e5e23/-/horizon-files-prod/ed/picture/q2j0xmqv/5fea74a07922d6bb9d4a7bf8ba867aa34cee4548.jpg
4.0,200.0,Ngor                                                                                Dakar,750000,https://i.roamcdn.net/hz/ed/listing-thumb-224w/ab49e1aca68d1bf60b6fc3a669742785/-/horizon-files-prod/ed/picture/qgqwk2jm/f57655068a9524767336740ed77830f28994b2eb.jpg
1.0,70.0,Parcelles Assainies                                                                                Dakar,110000,https://i.roamcdn.net/hz/ed/listing-thumb-224w/4b6705b1f91474758212f90f07e43f27/-/horizon-files-prod/ed/picture/q8v47607/eceb6fd87b0cbc7040cbf7cda49fd66c7b859b1d.jpg
1.0,0.0,Almadies                                                                                Dakar,300000,https://i.roamcdn.net/hz/ed/listing-thumb-224w/4a616bebb6c90ffe90a7524de0e70f27/-/horizon-files-prod/ed/picture/q2j0x6pq/a76276fa42321db300a5b9f93f25b0ff89581ca6.jpg
0.0,125.0,Mamelles                                                                                Dakar,1500000,https://i.roamcdn.net/hz/ed/listing-thumb-224w/0621de56947c3400973805b1649bb6e7/-/horizon-files-prod/ed/picture/q2jqpgrg/0d376013e610d03cf0b7d542fc4b87c942464169.jpg
3.0,120.0,Liberte 6                                                                                Dakar,375000,https://i.roamcdn.net/hz/ed/listing-thumb-224w/b15c183f841e3e0226f43a98f7597414/-/horizon-files-prod/ed/picture/q8v47z47/83b2dda392bdc71565c0e1fa4849f1ee5d334aff.jpg
3.0,150.0,Virage                                                                                Dakar,1700000,https://i.roamcdn.net/hz/ed/listing-thumb-224w/60e87821d5328f5c911b7755f9e6d34a/-/horizon-files-prod/ed/picture/qenvk57x/a53114d66faca02c65ce6ed697f9514ff4796cc4.jpg
3.0,0.0,Sacré-cœur                                                                                Dakar,900000,https://i.roamcdn.net/hz/ed/listing-thumb-224w/417dda360748e70a6d1240b416c774a7/-/horizon-files-prod/ed/picture/qwep9r8k/44827dbff128fe62066d528af441cfdab65c9967.jpg
2.0,0.0,Nord foire                                                                                Dakar,275000,https://i.roamcdn.net/hz/ed/listing-thumb-224w/56592609b1b07a43d2e0eb285b1663c3/-/horizon-files-prod/ed/picture/qde7mvg2/7bf711628866ec162032b2fc436ad62f155ab11b.jpg
3.0,0.0,Sacré-cœur                                                                                Dakar,450000,https://i.roamcdn.net/hz/ed/listing-thumb-224w/bab40d8dd443d56ec703c9c6479cf4fc/-/horizon-files-prod/ed/picture/qpdm4e4q/6a94e0e88932b55fe7a7cb6730a1920d295070fb.jpg
2.0,0.0,Mamelles                                                                                Dakar,414400,https://i.roamcdn.net/hz/ed/listing-thumb-224w/8e6e29ba983612815c1ad6e28691ca46/-/horizon-files-prod/ed/picture/q6xd8r7n/119766e1a221a16c781a98340821a8a1421361b2.jpg
5.0,200.0,Ngor                                                                                Dakar,1250000,https://i.roamcdn.net/hz/ed/listing-thumb-224w/f42cd2507259587172aeb9c2e311e9f9/-/horizon-files-prod/ed/picture/qzvp05v6/02b1c40f2bfe45a3156e2168176518e2b2b5ee89.jpg
3.0,0.0,Ouakam                                                                                Dakar,550000,https://i.roamcdn.net/hz/ed/listing-thumb-224w/58dffc575cde07beab00275147eb884b/-/horizon-files-prod/ed/picture/q8v5wr6j/583f2826b4c67f19d871175f0d1017ac8a780d57.jpg
3.0,190.0,Point-e                                                                                Dakar,1100000,https://i.roamcdn.net/hz/ed/listing-thumb-224w/6ab722acbb80098bb320f31b36ec14fc/-/horizon-files-prod/ed/picture/qkr8xwnx/e5dff78d51938659d6c2aac1583d9a5794175c36.png
3.0,0.0,Point-e                                                                                Dakar,600000,https://i.roamcdn.net/hz/ed/listing-thumb-224w/62da7ec42244aa41315e689961344034/-/horizon-files-prod/ed/picture/qpdmrw7p/21126aa9e5f809abb774452cdfdda4c0a1031537.jpg
4.0,0.0,Point-e                                                                                Dakar,700000,https://i.roamcdn.net/hz/ed/listing-thumb-224w/8c7757f22a810bd5567609bbf844a968/-/horizon-files-prod/ed/picture/qj4q9j2v/05f76e7ec19c493b56d9e9994be9340a96d1c457.jpg
2.0,90.0,Ngaparou                                                                                Thiès,400000,https://i.roamcdn.net/hz/ed/listing-thumb-224w/aebb766bf13937865c04e4a8777dd5f6/-/horizon-files-prod/ed/picture/q6xd8j2v/d587b7d9d67f2d0c447f219c46b4cba8d744654c.jpg
3.0,150.0,Virage                                                                                Dakar,1700000,https://i.roamcdn.net/hz/ed/listing-thumb-224w/60e87821d5328f5c911b7755f9e6d34a/-/horizon-files-prod/ed/picture/qenvk57x/a53114d66faca02c65ce6ed697f9514ff4796cc4.jpg
1.0,0.0,Sacré-cœur                                                                                Dakar,500000,https://i.roamcdn.net/hz/ed/listing-thumb-224w/c5a40437290c7428caf682d707105c84/-/horizon-files-prod/ed/picture/qv4wjrjx/08204d410b2b8456deac0971f71ccb49f9809ad9.jpg
3.0,227.0,Almadies                                                                                Dakar,1600000,https://i.roamcdn.net/hz/ed/listing-thumb-224w/177bc5348eef19eaa749afaba0e31e3f/-/horizon-files-prod/ed/picture/q2j00j4d/d9b714cdaf94ca8380f0be8dbc51ffad3d9dc06e.jpg
3.0,90.0,Zone de captage                                                                                Dakar,300000,https://i.roamcdn.net/hz/ed/listing-thumb-224w/51cdfacb6bf2e88c059d381c3e8a8960/-eyJvciI6OTB9/horizon-files-prod/ed/picture/qrz8xxk2/fd825124fc911b6431c668b16321ae8ea98d2a32.jpg
3.0,0.0,Almadies                                                                                Dakar,400000,https://i.roamcdn.net/hz/ed/listing-thumb-224w/7df0be06a7eaf333bd5ad995625e7d38/-/horizon-files-prod/ed/picture/qpdm4r00/be751b5361b9b77f361555f2a350f575469ec440.jpg
3.0,0.0,Ouakam                                                                                Dakar,700000,https://i.roamcdn.net/hz/ed/listing-thumb-224w/a3384bca02e927120c6b2f11bc94adee/-/horizon-files-prod/ed/picture/qgqw6ege/75e5fdbf5fd7ee0b9b9b87bae9b19865bccda1a1.jpg
2.0,140.0,Point-e                                                                                Dakar,800000,https://i.roamcdn.net/hz/ed/listing-thumb-224w/112865847d59aaed9a14385953991866/-/horizon-files-prod/ed/picture/qpdm4450/deb8846f766e1737c4f9dc4ae3ec1662bb3cce66.jpg
3.0,145.0,Sicap Sacré-cœur                                                                                Dakar,750000,https://i.roamcdn.net/hz/ed/listing-thumb-224w/d7d34dd030361816be61107cae9e4595/-/horizon-files-prod/ed/picture/qj4q00d6/d7e0d768210296fd24aea75c45efbb44fd746503.jpg
3.0,200.0,Fann Hock                                                                                Dakar,1000000,https://i.roamcdn.net/hz/ed/listing-thumb-224w/aa29828abcec4e8920a06de91c74721c/-/horizon-files-prod/ed/picture/q8v477xj/78be7bb8f1e901fc647319e0b18b817c755166a6.jpg
3.0,150.0,Ouakam                                                                                Dakar,1500000,https://i.roamcdn.net/hz/ed/listing-thumb-224w/9400e09945fdc0e926f70b8dbb068e96/-/horizon-files-prod/ed/picture/q0g744z6/ed0e6e4a8a3f754a0fe19d2d19c851017d57cf8f.jpg
2.0,110.0,Sicap Sacré-cœur                                                                                Dakar,600000,https://i.roamcdn.net/hz/ed/listing-thumb-224w/aad5bfbbf8d6919f5c607a6e0b3dd06c/-/horizon-files-prod/ed/picture/qenvk849/256393865de5a161f062aa73b98c3adc3af40b18.jpg
3.0,150.0,Virage                                                                                Dakar,1700000,https://i.roamcdn.net/hz/ed/listing-thumb-224w/60e87821d5328f5c911b7755f9e6d34a/-/horizon-files-prod/ed/picture/qenvk57x/a53114d66faca02c65ce6ed697f9514ff4796cc4.jpg
3.0,180.0,Point-e                                                                                Dakar,1300000,https://i.roamcdn.net/hz/ed/listing-thumb-224w/5bcc169ce8d199abfac323e598c20555/-/horizon-files-prod/ed/picture/qngp7m5w/9bcb7e3a250cc8859862d06ff438cb02e6a6bae4.jpg
4.0,200.0,Fann                                                                                Dakar,2000000,https://i.roamcdn.net/hz/ed/listing-thumb-224w/262889d108e24ea339d72adcdc8669cb/-/horizon-files-prod/ed/picture/qj4qpkv8/42a718bfb4765470a424984d3c1ce1701fde818c.jpg
2.0,224.0,Fann                                                                                Dakar,2000000,https://i.roamcdn.net/hz/ed/listing-thumb-224w/c39cd28f467906051f154fa8946bc7d6/-/horizon-files-prod/ed/picture/q2j0xx0k/dc4ce426581dc99990b13549f427e028a8e4a65c.jpg
0.0,0.0,Almadies                                                                                Dakar,1100000,https://i.roamcdn.net/hz/ed/listing-thumb-224w/3ca82736ff45e2af5248b702dc368f99/-/horizon-files-prod/ed/picture/qq42rx5j/70cfe874613f1ef94eac4038d1c523a014f0a1a6.jpg
2.0,0.0,Ouakam                                                                                Dakar,350000,https://i.roamcdn.net/hz/ed/listing-thumb-224w/864d0c4df048f61cf09da76f9ba592e5/-/horizon-files-prod/ed/picture/qngp8xee/90c4107bd72fc16c829601736adc856bd5122014.jpg
2.0,100.0,Plateau                                                                                Dakar,625000,https://i.roamcdn.net/hz/ed/listing-thumb-224w/6e0bff24ffc662d633cd24152be4ed11/-/horizon-files-prod/ed/picture/q6xdjwjv/2386c59481aa525ab8dfd7ae38441d604c631ba4.jpg
3.0,350.0,Mamelles                                                                                Dakar,700000,https://i.roamcdn.net/hz/ed/listing-thumb-224w/d5b1fe866a329ddf4918b399421de3c3/-/horizon-files-prod/ed/picture/q9mjz2v5/65ab64ae92fa045a7f93b60e3407a854b5d10197.jpg
2.0,1.0,Sicap Liberté                                                                                Dakar,350000,https://i.roamcdn.net/hz/ed/listing-thumb-224w/d516cb27be9932d8271a205c69f25d85/-/horizon-files-prod/ed/picture/q44ng5g4/cce6ca0d5d089f2b2c202149899346a757f4a7e1.jpg
3.0,150.0,Sicap Sacré-cœur                                                                                Dakar,700000,https://i.roamcdn.net/hz/ed/listing-thumb-224w/4a6c112d30d955a8bb310c29b64e2e85/-/horizon-files-prod/ed/picture/q44n08d2/971aee0e7796d527431768001c7fa9d7cf4d2606.jpg
3.0,150.0,Plateau                                                                                Dakar,550000,https://i.roamcdn.net/hz/ed/listing-thumb-224w/f02b01a6664cb4b469fa51960245be19/-/horizon-files-prod/ed/picture/q0g7xvej/923d5f033296132fe6c6928be7483fe78c4e872e.jpg
3.0,150.0,Virage                                                                                Dakar,1700000,https://i.roamcdn.net/hz/ed/listing-thumb-224w/60e87821d5328f5c911b7755f9e6d34a/-/horizon-files-prod/ed/picture/qenvk57x/a53114d66faca02c65ce6ed697f9514ff4796cc4.jpg
4.0,205.0,Yoff                                                                                Dakar,1500000,https://i.roamcdn.net/hz/ed/listing-thumb-224w/b111903b2d6395dfab05903752a0aa49/-/horizon-files-prod/ed/picture/qv4wjp05/d674e1c96935135bf93c0ec0ffd6b32fbf5b1eb2.png
3.0,250.0,Plateau                                                                                Dakar,2000000,https://i.roamcdn.net/hz/ed/listing-thumb-224w/75ba77f07c38ebc4eb1fd37e23850df1/-/horizon-files-prod/ed/picture/q8v47824/55a2f3b21a5216fcee17d13d7679695743e176fa.jpg
3.0,202.0,Almadies                                                                                Dakar,1010000,https://i.roamcdn.net/hz/ed/listing-thumb-224w/19f91531be0b9ef7f242d840a4e6938b/-/horizon-files-prod/ed/picture/qkr8dmp5/d3f03ec19943d9a09d3e395a65625afc7d2f2d40.jpg
3.0,170.0,Point-e                                                                                Dakar,1300000,https://i.roamcdn.net/hz/ed/listing-thumb-224w/b05807517193cf23a0e925e2690aabce/-/horizon-files-prod/ed/picture/qxjp7mxw/e993025f6a0c3e1ceb424c18752880ab266bb30d.jpg
1.0,0.0,Yoff                                                                                Dakar,150000,https://i.roamcdn.net/hz/ed/listing-thumb-224w/40e39af75561987af594161c749549f8/-/horizon-files-prod/ed/picture/qq42rn6k/a90cbab83562df9f05d6d4395dfea5ef491f184b.jpg
0.0,0.0,Almadies                                                                                Dakar,16200000,https://i.roamcdn.net/hz/ed/listing-thumb-224w/50cd306603e2b8e810c08f383f41c3fc/-/horizon-files-prod/ed/picture/q9mjr4wv/2b08795d9efcd3220ffa80f547dc638eadfa713a.jpg
0.0,400.0,Ouakam                                                                                Dakar,4500000,https://i.roamcdn.net/hz/ed/listing-thumb-224w/dab8bcbc122e7bbeafaf47b41db3f63f/-/horizon-files-prod/ed/picture/qzvp2dm9/29c48a3a64f8429df08770dea68c09afb5ee6fe2.jpg
2.0,0.0,Almadies                                                                                Dakar,1000000,https://i.roamcdn.net/hz/ed/listing-thumb-224w/4d6be962117a8646d36285f356183808/-/horizon-files-prod/ed/picture/qv4evxzv/bea0090835b13299fd25590ea2c863fcf3748f8c.jpg
3.0,200.0,Ouakam                                                                                Dakar,900000,https://i.roamcdn.net/hz/ed/listing-thumb-224w/671ab738c428b00ca346a3a314afdc5e/-/horizon-files-prod/ed/picture/qkr8r9xn/bb0127db9157c55c9a00f698b5e33fc0e0ea2726.jpg
3.0,0.0,Point-e                                                                                Dakar,600000,https://i.roamcdn.net/hz/ed/listing-thumb-224w/17cb731b74816b62e2fc150b816a7372/-/horizon-files-prod/ed/picture/qv4wjr9k/07de85434c55327a92adf0755cab1c110100cc19.jpg
1.0,0.0,Sacré-cœur                                                                                Dakar,275000,https://i.roamcdn.net/hz/ed/listing-thumb-224w/d84b1397dbea5f8cab9816fe62366c4d/-/horizon-files-prod/ed/picture/qrz8w885/4a1d74686b53a20215223e55de00c2b0e1e3fe0f.jpg
4.0,0.0,Mamelles                                                                                Dakar,800000,https://i.roamcdn.net/hz/ed/listing-thumb-224w/3f10ace4742fc4e185855688fc5322e1/-/horizon-files-prod/ed/picture/qde7ngzr/5e33e41befa0044bdde534912b1ee89118ff6120.jpg
3.0,200.0,Mermoz                                                                                Dakar,800000,https://i.roamcdn.net/hz/ed/listing-thumb-224w/d14455493fe0f0b98d04b924a2578c36/-/horizon-files-prod/ed/picture/q9mj2dn6/875647cef9028021ce52dae2a2290ef65a8f477d.jpg
3.0,250.0,Almadies                                                                                Dakar,1000000,https://i.roamcdn.net/hz/ed/listing-thumb-224w/801c7a1203856d784fae943498f02cc9/-/horizon-files-prod/ed/picture/q8vzezwn/f631bc5565507e2f1ea28395a22c26bfd68c3ad7.jpg
3.0,400.0,Virage                                                                                Dakar,2300000,https://i.roamcdn.net/hz/ed/listing-thumb-224w/574026c126cfcf52451364bd0ced55b9/-/horizon-files-prod/ed/picture/qgqwrm22/43295bd5b002fe91693016f71ff1023d9bb7892a.jpg
2.0,125.0,Plateau                                                                                Dakar,700000,https://i.roamcdn.net/hz/ed/listing-thumb-224w/2f8b7bc9d45091cececca19b002cd5d6/-/horizon-files-prod/ed/picture/q44nm4gm/1692ed1e0bed5a99f70e2ea6ff47214dc43486bd.jpg
4.0,300.0,Almadies                                                                                Dakar,1500000,https://i.roamcdn.net/hz/ed/listing-thumb-224w/87ef9a074db9a9bad479b9d0c5197373/-/horizon-files-prod/ed/picture/qgq9ed4r/78824a66d14efa809f3c45586b515003edd25888.jpg
0.0,0.0,Virage                                                                                Dakar,1800000,https://i.roamcdn.net/hz/ed/listing-thumb-224w/c906cc784163ffb556b8ab194e01b9e9/-/horizon-files-prod/ed/picture/qwep609k/92558eac76a01826648dc118a6561debeaff3e60.jpg
3.0,0.0,Almadies                                                                                Dakar,400000,https://i.roamcdn.net/hz/ed/listing-thumb-224w/cccfa18e43b552fd39358a26ff2df3b8/-/horizon-files-prod/ed/picture/qzvp0wqv/8fa6db76c05de07ecd1fd694986b2518ed6ed701.jpg
0.0,0.0,Sicap foire                                                                                Dakar,300000,https://i.roamcdn.net/hz/ed/listing-thumb-224w/8a2d775e45a2423c93da44e4acfeb7e8/-/horizon-files-prod/ed/picture/qq42rx2j/96402729afdf0c53c42940895a342391bcb8d89a.jpg
2.0,101.0,Mermoz                                                                                Dakar,800000,https://i.roamcdn.net/hz/ed/listing-thumb-224w/7520371e83bba84402891f0740319655/-/horizon-files-prod/ed/picture/qenvzmj5/74881c19d5afb15fa4a365f4246c5327dc6c13b7.jpg
3.0,150.0,Virage                                                                                Dakar,1700000,https://i.roamcdn.net/hz/ed/listing-thumb-224w/60e87821d5328f5c911b7755f9e6d34a/-/horizon-files-prod/ed/picture/qenvk57x/a53114d66faca02c65ce6ed697f9514ff4796cc4.jpg
2.0,0.0,Médina                                                                                Dakar,350000,https://i.roamcdn.net/hz/ed/listing-thumb-224w/3bf7f30d08f13388be86408b8946a5d8/-/horizon-files-prod/ed/picture/q8v4rp4n/0e7da4573222bd70a3efdb255b2a86668647b5a2.jpg
2.0,0.0,Hlm                                                                                Dakar,300000,https://i.roamcdn.net/hz/ed/listing-thumb-224w/2fddb67d4eb28839ddea04e08d089f2a/-/horizon-files-prod/ed/picture/q6xd8wx4/85cbb42db218bb01ea699cd5265d2f038bd47a85.jpg
1.0,0.0,Almadies                                                                                Dakar,275000,https://i.roamcdn.net/hz/ed/listing-thumb-224w/c7bb9d82f629ea8cd45521bb216a605c/-/horizon-files-prod/ed/picture/qngp8mr0/6721fd4e2c71d7706a6ac56da8b347ff1ee3bd1c.jpg
4.0,128.0,Point-e                                                                                Dakar,700000,https://i.roamcdn.net/hz/ed/listing-thumb-224w/40765194c55c35f0341aad501b067c70/-/horizon-files-prod/ed/picture/qgqww4kk/b46cc35a35cbff1129c5ae9888c7beb65f670f7a.jpg
0.0,0.0,Almadies                                                                                Dakar,1300000,https://i.roamcdn.net/hz/ed/listing-thumb-224w/d528878aeaad6377745319a1e51391e1/-/horizon-files-prod/ed/picture/q0g7d6wz/be81a20811830c2e2f25a4a4243682895278cc39.jpg
1.0,0.0,Ouest foire                                                                                Dakar,165000,https://i.roamcdn.net/hz/ed/listing-thumb-224w/f73a18634e6eb114f9a16a9e07620610/-/horizon-files-prod/ed/picture/qwep60zg/747b6b4c20329b78720b10f063d66bfd5bace513.jpg
2.0,0.0,Mermoz                                                                                Dakar,650000,https://i.roamcdn.net/hz/ed/listing-thumb-224w/cf03beff3b5982dda8f9358ee1285a7d/-/horizon-files-prod/ed/picture/q6xd57pj/fbded7624de35837dc717382fa76b94a641f3b0f.jpg
3.0,200.0,Cité keur gorgui                                                                                Dakar,675000,https://i.roamcdn.net/hz/ed/listing-thumb-224w/e62773b56b6bb18ebc7529aba951839c/-/horizon-files-prod/ed/picture/q78wq7g5/5c88032b655074d149d4b7ea2b0b04a9e890c09f.jpg
2.0,150.0,Cité keur gorgui                                                                                Dakar,525000,https://i.roamcdn.net/hz/ed/listing-thumb-224w/f50daf433924d2802f4e906010a27a45/-/horizon-files-prod/ed/picture/qwep6kzj/f19f115fcc8650cb6e4d4abbd5b0fd20e9ee010b.jpg
4.0,285.0,Point-e                                                                                Dakar,2000000,https://i.roamcdn.net/hz/ed/listing-thumb-224w/1c86f3a159e15fdcfdd1544b12d54cbe/-/horizon-files-prod/ed/picture/q9mjrdpx/419f5baf85f1123bd56dfa0644bc9e81fc0b6b4a.jpg
3.0,150.0,Virage                                                                                Dakar,1700000,https://i.roamcdn.net/hz/ed/listing-thumb-224w/60e87821d5328f5c911b7755f9e6d34a/-/horizon-files-prod/ed/picture/qenvk57x/a53114d66faca02c65ce6ed697f9514ff4796cc4.jpg
3.0,282.0,Point-e                                                                                Dakar,1600000,https://i.roamcdn.net/hz/ed/listing-thumb-224w/ccbef66d62d2c1044e78c92d5d1f73c7/-/horizon-files-prod/ed/picture/qzvpwqdv/58834e6634ade5b253171c59949f7fa8d8119454.jpg
2.0,260.0,Point-e                                                                                Dakar,1100000,https://i.roamcdn.net/hz/ed/listing-thumb-224w/126720eeddb68dfeb1ef54990d610ffd/-/horizon-files-prod/ed/picture/qngp8kx0/9827637330adc72eae07ac415b2736c4940cc090.jpg
2.0,0.0,Mermoz                                                                                Dakar,700000,https://i.roamcdn.net/hz/ed/listing-thumb-224w/1c2793c11febcdf61239e6c23056a8d4/-/horizon-files-prod/ed/picture/qgqw44vr/a04d3d46402646d400c0ce85510750dfcd989b4b.jpg
3.0,350.0,Almadies                                                                                Dakar,700000,https://i.roamcdn.net/hz/ed/listing-thumb-224w/c0dbf350cb12c4d9058f6b4f01c2c517/-/horizon-files-prod/ed/picture/q0g74x6g/251a5e57d58bdb8181f37bf60b238302207d5c29.jpg
3.0,0.0,Ouakam                                                                                Dakar,365000,https://i.roamcdn.net/hz/ed/listing-thumb-224w/8bfdc97785fba15f942738c0c4adaacd/-/horizon-files-prod/ed/picture/q8v479pz/8b0879b324abe4b9f5eb7a0a2a019fbbf95be548.jpg
3.0,0.0,Hann maristes                                                                                Dakar,650000,https://i.roamcdn.net/hz/ed/listing-thumb-224w/990fef43ec10c488f3e53d4879a62447/-/horizon-files-prod/ed/picture/qv4wj0d2/a6c9c3980d7315e8557ca44ef319c3a4fad5d920.jpg
3.0,170.0,VDN                                                                                Dakar,600000,https://i.roamcdn.net/hz/ed/listing-thumb-224w/e0cc2b42ced293a4b562b981318f9f4a/-/horizon-files-prod/ed/picture/qzvpkeer/992c95e9237a2a20181e6866e27eba6fd5f1bd87.jpg
3.0,160.0,Yoff                                                                                Dakar,450000,https://i.roamcdn.net/hz/ed/listing-thumb-224w/5e8c575c29cd08314a52b8573aabd71f/-/horizon-files-prod/ed/picture/qzvp0qr9/db9d5258b0db907f8ea7f807dc1e375af7e93924.jpg
3.0,180.0,Mamelles                                                                                Dakar,700000,https://i.roamcdn.net/hz/ed/listing-thumb-224w/a10506d9096ccbfd15f78510c2b94284/-/horizon-files-prod/ed/picture/qgqwkmd9/77075d03e1c59a5cae053121ce8793fe31bd6feb.jpg
6.0,0.0,Sud foire                                                                                Dakar,2000000,https://i.roamcdn.net/hz/ed/listing-thumb-224w/7c7d172825b0344f20de6160b739812f/-/horizon-files-prod/ed/picture/qkrgkzdx/7535986b72757f342e10676312cfa12545b934e9.jpg
3.0,150.0,Virage                                                                                Dakar,1700000,https://i.roamcdn.net/hz/ed/listing-thumb-224w/60e87821d5328f5c911b7755f9e6d34a/-/horizon-files-prod/ed/picture/qenvk57x/a53114d66faca02c65ce6ed697f9514ff4796cc4.jpg
3.0,0.0,Mamelles                                                                                Dakar,750000,https://i.roamcdn.net/hz/ed/listing-thumb-224w/3059841c18815f02ee87adecfc802831/-/horizon-files-prod/ed/picture/qj4q98ke/2abe6f6d27b94152282e0baef96c2fb775ababc1.jpg
3.0,241.0,Almadies                                                                                Dakar,2300000,https://i.roamcdn.net/hz/ed/listing-thumb-224w/6366bcd133b2997e1f502a0cdec3b8de/-/horizon-files-prod/ed/picture/q8v45r0j/5e6153e5415fc4a816f13d7d7cd4aa3332ca1151.jpg
3.0,180.0,Almadies                                                                                Dakar,1500000,https://i.roamcdn.net/hz/ed/listing-thumb-224w/5e73b74af8da1ad5eafdf8c7988d9de9/-/horizon-files-prod/ed/picture/qenv8gxv/7887e92fd73e38d11f5cebc161bd9000d74c92c8.jpg
2.0,87.0,Saly Portudal                                                                                Thiès,320000,https://i.roamcdn.net/hz/ed/listing-thumb-224w/c22c09b89d4184b555b0adc0ac92ff61/-/horizon-files-prod/ed/picture/q9m9jz46/edd958675ab0ff6bf72a7bdfe3901e40c34555c7.jpg
3.0,0.0,Mamelles                                                                                Dakar,700000,https://i.roamcdn.net/hz/ed/listing-thumb-224w/c498145a42936880f11e6a4471fdcf7c/-/horizon-files-prod/ed/picture/q8v47244/04015cd398520019288a9bddfdd7c8e89940d21e.jpg
2.0,0.0,Ouest foire                                                                                Dakar,300000,https://i.roamcdn.net/hz/ed/listing-thumb-224w/d5f21a8f32ba64c4c01d1a03833dfef2/-/horizon-files-prod/ed/picture/qm5gn7rz/26616e00431b06121b5159ad21e1522d27a1f447.jpg
3.0,150.0,Ngor                                                                                Dakar,750000,https://i.roamcdn.net/hz/ed/listing-thumb-224w/e1fef8b74fbf874ecd71b7f30c855e9a/-/horizon-files-prod/ed/picture/qwep65e4/189aa495b76e52b2a87e25832f7ab3eb6c5a9313.png
3.0,0.0,Liberte 6                                                                                Dakar,350000,https://i.roamcdn.net/hz/ed/listing-thumb-224w/482cfa3bf98a59c7fd262d1ceff17f86/-/horizon-files-prod/ed/picture/q44nqdne/ab6b8f66a0b6c3b57dac6f6a7101b4e8e6afe094.jpg
3.0,0.0,Ouakam                                                                                Dakar,425000,https://i.roamcdn.net/hz/ed/listing-thumb-224w/6b29924e54a5cb9e9c936cb2857d0eaa/-/horizon-files-prod/ed/picture/qpdmrnpp/d1523c49db876b927f4b8a65f4337f2b16674126.jpg
3.0,0.0,Point-e                                                                                Dakar,900000,https://i.roamcdn.net/hz/ed/listing-thumb-224w/327390168bce916f5719fa92a2ccdf29/-/horizon-files-prod/ed/picture/qrz80png/ce460af2de42ff494acdd17c5af2adba0f171856.jpg
